{
	"schemaVersion": 1,
	"id": "lunar-version16-api",
	"provides": ["lunar-api"],
	"name": "Lunar API",
	"version": "0.16",
	"environment": "*",
	"license": "MIT",
	"icon": "assets/luanr/icon.png",
	"authors": ["Vanthanyx"],
	"depends": {
		"fabricloader": "\u003e\u003d0.14.11",
		"java": "\u003e\u003d17",
		"minecraft": "1.19.2"
	},
	"description": "Core API module providing key hooks and intercompatibility features.",
	"jars": [
		{ "file": "META-INF/jars/architectury-6.4.62-fabric.jar" },
		{ "file": "META-INF/jars/brewinandchewin-fabric-1.0.5+1.19.2.jar" },
		{ "file": "META-INF/jars/create-fabric-0.5.0g-796+1.19.2.jar" },
		{ "file": "META-INF/jars/extraorigins-1.19-2.jar" },
		{ "file": "META-INF/jars/fabric-api-0.73.0+1.19.2.jar" },
		{ "file": "META-INF/jars/farmers-delight-fabric-1.19.X-1.3.9.jar" },
		{ "file": "META-INF/jars/Farmersrespite-Fabric-2.2.0.jar" },
		{ "file": "META-INF/jars/ferritecore-5.1.0-fabric.jar" },
		{ "file": "META-INF/jars/indium-1.0.9+mc1.19.2.jar" },
		{ "file": "META-INF/jars/iris-mc1.19.2-1.5.0.jar" },
		{ "file": "META-INF/jars/lithium-fabric-mc1.19.2-0.10.4.jar" },
		{ "file": "META-INF/jars/lunar-mutagen-1.0.0.jar" },
		{ "file": "META-INF/jars/mcda-2.2.0.jar" },
		{ "file": "META-INF/jars/mcdw-5.0.4-1.19.jar" },
		{ "file": "META-INF/jars/moborigins-1.9.0.jar" },
		{ "file": "META-INF/jars/moonlight-1.19.2-2.1.30-fabric.jar" },
		{ "file": "META-INF/jars/NethersDelight-1.0.1.jar" },
		{ "file": "META-INF/jars/NoChatReports-FABRIC-1.19.2-v1.13.12.jar" },
		{ "file": "META-INF/jars/Origins-1.19.2-1.7.1.jar" },
		{ "file": "META-INF/jars/Origins-Classes-1.19-1.4.0.jar" },
		{ "file": "META-INF/jars/Pehkui-3.6.3+1.14.4-1.19.3.jar" },
		{ "file": "META-INF/jars/phosphor-fabric-mc1.19.x-0.8.1.jar" },
		{ "file": "META-INF/jars/RoughlyEnoughItems-9.1.585.jar" },
		{ "file": "META-INF/jars/sodium-fabric-mc1.19.2-0.4.4+build.18.jar" },
		{ "file": "META-INF/jars/supplementaries-1.19.2-2.2.41-fabric.jar" },
		{ "file": "META-INF/jars/voicechat-fabric-1.19.2-2.3.27.jar" }
	]
}
